Date,Open,High,Low,Close,Adj Close,Volume
1985-01-01,0.13002200424671173,0.13895100355148315,0.12444200366735458,0.12946400046348572,0.10005459189414978,6366416000
1985-02-01,0.12946400046348572,0.1372770071029663,0.11049100011587143,0.11049100011587143,0.085391566157341,4733388800
1985-03-01,0.11049100011587143,0.11607100069522858,0.09263399988412857,0.09877199679613113,0.07633467763662338,4615587200
1985-04-01,0.09877199679613113,0.10267899930477142,0.08761200308799744,0.09486600011587143,0.07331597805023193,2868028800
1985-05-01,0.09486600011587143,0.09933000057935715,0.07533500343561172,0.07756700366735458,0.05994666367769241,4639129600
1985-06-01,0.07589299976825714,0.08258900046348572,0.06584800034761429,0.08035700023174286,0.06210286542773247,5811388800
1985-07-01,0.08091499656438828,0.08147300034761429,0.07087100297212601,0.07087100297212601,0.05477170646190643,2600595200
1985-08-01,0.07087100297212601,0.07198700308799744,0.06473200023174286,0.06696400046348572,0.05175225809216499,1818745600
1985-09-01,0.06696400046348572,0.07700899988412857,0.06584800034761429,0.0703129991889,0.05434048920869827,1797196800
1985-10-01,0.0703129991889,0.0859379991889,0.06696400046348572,0.08314699679613113,0.06425902247428894,3785913600
1985-11-01,0.08314699679613113,0.09263399988412857,0.08314699679613113,0.0898440033197403,0.069434754550457,2884672000
1985-12-01,0.0898440033197403,0.10212100297212601,0.0859379991889,0.09821400046348572,0.07590341567993164,3571209600
1986-01-01,0.09821400046348572,0.11049100011587143,0.09709800034761429,0.10323700308799744,0.07978536933660507,6291801600
1986-02-01,0.10323700308799744,0.11941999942064285,0.10212100297212601,0.11160700023174286,0.08625403046607971,3420860800
1986-03-01,0.11160700023174286,0.1322540044784546,0.10825899988412857,0.12611599266529083,0.09746712446212769,4264332800
1986-04-01,0.12611599266529083,0.14620499312877655,0.1171879991889,0.13504500687122345,0.10436778515577316,4462684800
1986-05-01,0.13504500687122345,0.16741099953651428,0.1328130066394806,0.16517899930477142,0.12765644490718842,4954051200
1986-06-01,0.16517899930477142,0.17466500401496887,0.14508900046348572,0.1601559966802597,0.12377455085515976,4063360000
1986-07-01,0.1601559966802597,0.1685270071029663,0.13392899930477142,0.13950900733470917,0.10781776160001755,5691638400
1986-08-01,0.13895100355148315,0.16964299976825714,0.1367190033197403,0.16517899930477142,0.12765644490718842,3643516800
1986-09-01,0.16573700308799744,0.16573700308799744,0.141183003783226,0.14955399930477142,0.11558087170124054,3578198400
1986-10-01,0.1489959955215454,0.15736599266529083,0.1439729928970337,0.15457600355148315,0.11946205794811249,2984038400
1986-11-01,0.15513400733470917,0.1841520071029663,0.15122799575328827,0.17857100069522858,0.1380062997341156,5206163200
1986-12-01,0.17857100069522858,0.1958709955215454,0.17466500401496887,0.18080399930477142,0.13973204791545868,4762576000
1987-01-01,0.1802459955215454,0.25558000802993774,0.1791290044784546,0.24776799976825714,0.19148436188697815,8268915200
1987-02-01,0.24776799976825714,0.31863799691200256,0.2304690033197403,0.3125,0.24151170253753662,6616176000
1987-03-01,0.313616007566452,0.31473198533058167,0.2779020071029663,0.2879459857940674,0.22253526747226715,5959318400
1987-04-01,0.28125,0.35714301466941833,0.27845999598503113,0.35379499197006226,0.273425817489624,6813161600
1987-05-01,0.3549109995365143,0.3671880066394806,0.3236609995365143,0.3526790142059326,0.27256348729133606,3838956800
1987-06-01,0.3549109995365143,0.3861609995365143,0.3392859995365143,0.36160698533058167,0.27988865971565247,3497536000
1987-07-01,0.3638390004634857,0.3995540142059326,0.32589301466941833,0.3683040142059326,0.2850722670555115,3070256000
1987-08-01,0.3660709857940674,0.484375,0.35714301466941833,0.48214301466941833,0.3731852173805237,3119300800
1987-09-01,0.4888390004634857,0.5245540142059326,0.4330359995365143,0.5044639706611633,0.39096662402153015,3075486400
1987-10-01,0.5066959857940674,0.533482015132904,0.2466520071029663,0.344866007566452,0.2672760486602783,6575699200
1987-11-01,0.34598198533058167,0.35714301466941833,0.2723209857940674,0.29464301466941833,0.22835247218608856,4234238400
1987-12-01,0.29910698533058167,0.390625,0.265625,0.375,0.29126405715942383,4702264000
1988-01-01,0.3816959857940674,0.4129459857940674,0.34151801466941833,0.3705359995365143,0.28779682517051697,6221600000
1988-02-01,0.37276801466941833,0.390625,0.3370540142059326,0.3839290142059326,0.2981991767883301,3368467200
1988-03-01,0.3861609995365143,0.4263390004634857,0.34598198533058167,0.35714301466941833,0.2779415249824524,4882102400
1988-04-01,0.3549109995365143,0.3783479928970337,0.34375,0.3660709857940674,0.2848896086215973,3297929600
1988-05-01,0.3638390004634857,0.38504499197006226,0.33370500802993774,0.3705359995365143,0.2883645296096802,2638507200
1988-06-01,0.3705359995365143,0.4174109995365143,0.3683040142059326,0.4129459857940674,0.32200533151626587,3534731200
1988-07-01,0.4151790142059326,0.42410698533058167,0.37723198533058167,0.39620500802993774,0.3089510202407837,2186419200
1988-08-01,0.3973209857940674,0.40848198533058167,0.3504459857940674,0.3560270071029663,0.27762120962142944,2653313600
1988-09-01,0.3549109995365143,0.3950890004634857,0.3370540142059326,0.3861609995365143,0.30168649554252625,3060321600
1988-10-01,0.3839290142059326,0.3861609995365143,0.3348209857940674,0.344866007566452,0.26942509412765503,3563649600
1988-11-01,0.34375,0.3549109995365143,0.3169640004634857,0.3359380066394806,0.2624501585960388,2939865600
1988-12-01,0.3370540142059326,0.375,0.3348209857940674,0.359375,0.2815011143684387,2946070400
1989-01-01,0.359375,0.39285698533058167,0.3236609995365143,0.3370540142059326,0.26401686668395996,7345833600
1989-02-01,0.3370540142059326,0.359375,0.31473198533058167,0.3236609995365143,0.25352606177330017,4886268800
1989-03-01,0.3236609995365143,0.32589301466941833,0.29910698533058167,0.31808000802993774,0.24984130263328552,3859676800
1989-04-01,0.3169640004634857,0.3716520071029663,0.30245500802993774,0.3482140004634857,0.273510605096817,3966424000
1989-05-01,0.34375,0.4375,0.34375,0.4263390004634857,0.3348752558231354,5253382400
1989-06-01,0.4263390004634857,0.4486609995365143,0.3526790142059326,0.3683040142059326,0.2899245321750641,3941280000
1989-07-01,0.37276801466941833,0.375,0.3370540142059326,0.3549109995365143,0.2793816328048706,3688630400
1989-08-01,0.3549109995365143,0.40848198533058167,0.3504459857940674,0.3973209857940674,0.31276631355285645,3352305600
1989-09-01,0.3973209857940674,0.4174109995365143,0.3839290142059326,0.3973209857940674,0.31350842118263245,2020849600
1989-10-01,0.3973209857940674,0.4497770071029663,0.3794640004634857,0.4151790142059326,0.3275994658470154,4125049600
1989-11-01,0.4129459857940674,0.421875,0.3794640004634857,0.3950890004634857,0.311747282743454,2524939200
1989-12-01,0.3973209857940674,0.40848198533058167,0.2901790142059326,0.31473198533058167,0.24895288050174713,5941185600
1990-01-01,0.31473198533058167,0.34598198533058167,0.28683000802993774,0.3035709857940674,0.2401246875524521,3747497600
1990-02-01,0.3080359995365143,0.31473198533058167,0.2879459857940674,0.3035709857940674,0.2401246875524521,2483891200
1990-03-01,0.29910698533058167,0.3872770071029663,0.296875,0.359375,0.2851812541484833,4556473600
1990-04-01,0.35714301466941833,0.3950890004634857,0.3404020071029663,0.3515630066394806,0.2789821922779083,3642475200
1990-05-01,0.3549109995365143,0.3816959857940674,0.34598198533058167,0.3683040142059326,0.29226699471473694,4115630400
1990-06-01,0.36941999197006226,0.40066999197006226,0.3348209857940674,0.3995540142059326,0.3179451823234558,3952054400
1990-07-01,0.3973209857940674,0.4263390004634857,0.35714301466941833,0.375,0.2984062135219574,4163812800
1990-08-01,0.375,0.390625,0.29910698533058167,0.33035698533058167,0.2628815472126007,3128339200
1990-09-01,0.32589301466941833,0.3348209857940674,0.24330399930477142,0.2589290142059326,0.20666545629501343,2206948800
1990-10-01,0.26339301466941833,0.2857140004634857,0.21651799976825714,0.2745540142059326,0.21913667023181915,5056116800
1990-11-01,0.2723209857940674,0.34375,0.265625,0.328125,0.2618945837020874,3254608000
1990-12-01,0.3325890004634857,0.40401801466941833,0.33035698533058167,0.3839290142059326,0.3074592649936676,4094092800
1991-01-01,0.3816959857940674,0.5,0.375,0.4955359995365143,0.3968367874622345,7037307200
1991-02-01,0.4955359995365143,0.5558040142059326,0.4888390004634857,0.5111610293388367,0.4093497097492218,5545780800
1991-03-01,0.5089290142059326,0.627232015132904,0.5089290142059326,0.607142984867096,0.48723727464675903,5210598400
1991-04-01,0.607142984867096,0.654017984867096,0.48660698533058167,0.4910709857940674,0.39408865571022034,7243051200
1991-05-01,0.4285709857940674,0.4799109995365143,0.39285698533058167,0.41964301466941833,0.3367670476436615,7972843200
1991-06-01,0.41964301466941833,0.4419640004634857,0.359375,0.3705359995365143,0.29811909794807434,4091662400
1991-07-01,0.37723198533058167,0.4308040142059326,0.37276801466941833,0.4129459857940674,0.3322405219078064,3783494400
1991-08-01,0.4107140004634857,0.4955359995365143,0.40848198533058167,0.4732140004634857,0.38072988390922546,4172649600
1991-09-01,0.47098198533058167,0.4776790142059326,0.4151790142059326,0.4419640004634857,0.35639023780822754,2393070400
1991-10-01,0.43973198533058167,0.502232015132904,0.4151790142059326,0.4598209857940674,0.3707895874977112,3593990400
1991-11-01,0.4575890004634857,0.4933040142059326,0.42410698533058167,0.453125,0.36539024114608765,3696033600
1991-12-01,0.453125,0.517857015132904,0.4330359995365143,0.5033479928970337,0.4068650007247925,2607169600
1992-01-01,0.49776801466941833,0.6160709857940674,0.4955359995365143,0.578125,0.4673086702823639,4703160000
1992-02-01,0.578125,0.625,0.5513389706611633,0.6026790142059326,0.48715582489967346,2534996800
1992-03-01,0.6049110293388367,0.611607015132904,0.515625,0.5200889706611633,0.42118313908576965,2985662400
1992-04-01,0.5111610293388367,0.546875,0.4732140004634857,0.5368300080299377,0.43474075198173523,3931390400
1992-05-01,0.5357139706611633,0.564732015132904,0.5200889706611633,0.533482015132904,0.4320293366909027,2703724800
1992-06-01,0.5111610293388367,0.53125,0.3816959857940674,0.4285709857940674,0.34706950187683105,4851683200
1992-07-01,0.4285709857940674,0.4419640004634857,0.38839301466941833,0.4174109995365143,0.33871176838874817,3632809600
1992-08-01,0.4174109995365143,0.421875,0.3705359995365143,0.4107140004634857,0.3332773447036743,2746531200
1992-09-01,0.4129459857940674,0.4464290142059326,0.390625,0.4029020071029663,0.32781684398651123,3055662400
1992-10-01,0.3995540142059326,0.48214301466941833,0.3705359995365143,0.46875,0.38139355182647705,3531427200
1992-11-01,0.46875,0.53125,0.4598209857940674,0.513392984867096,0.4177168309688568,3126547200
1992-12-01,0.5111610293388367,0.546875,0.48660698533058167,0.533482015132904,0.4349854290485382,3334318400
1993-01-01,0.53125,0.5825889706611633,0.5111610293388367,0.53125,0.4331655502319336,5542264000
1993-02-01,0.529017984867096,0.549107015132904,0.4598209857940674,0.4732140004634857,0.3858446478843689,4651281600
1993-03-01,0.4732140004634857,0.515625,0.4486609995365143,0.4598209857940674,0.37574195861816406,3661526400
1993-04-01,0.4575890004634857,0.46875,0.4174109995365143,0.4575890004634857,0.37391817569732666,3914411200
1993-05-01,0.4575890004634857,0.5279020071029663,0.45535698533058167,0.5055800080299377,0.4131339490413666,3200545600
1993-06-01,0.5044639706611633,0.5200889706611633,0.34375,0.3526790142059326,0.28879356384277344,7674396800
1993-07-01,0.3482140004634857,0.3549109995365143,0.22767899930477142,0.24776799976825714,0.20288653671741486,7142912000
1993-08-01,0.25223198533058167,0.2745540142059326,0.2310270071029663,0.23660700023174286,0.19374726712703705,3683164800
1993-09-01,0.23660700023174286,0.24107100069522858,0.20535700023174286,0.20870499312877655,0.17165164649486542,3668022400
1993-10-01,0.203125,0.2879459857940674,0.19642899930477142,0.2745540142059326,0.22580987215042114,5905323200
1993-11-01,0.2745540142059326,0.3125,0.265625,0.28125,0.23131705820560455,3452108800
1993-12-01,0.2857140004634857,0.2901790142059326,0.23660700023174286,0.2611609995365143,0.21556653082370758,3956971200
1994-01-01,0.26339301466941833,0.31473198533058167,0.2566959857940674,0.2924109995365143,0.24136081337928772,7332035200
1994-02-01,0.29464301466941833,0.34151801466941833,0.2879459857940674,0.32589301466941833,0.26899731159210205,4284459200
1994-03-01,0.328125,0.34375,0.28125,0.296875,0.2459259182214737,5257985600
1994-04-01,0.2879459857940674,0.3058040142059326,0.24107100069522858,0.26785698533058167,0.22188793122768402,4042136000
1994-05-01,0.26785698533058167,0.3013390004634857,0.2544640004634857,0.2611609995365143,0.21634118258953094,3361657600
1994-06-01,0.2544640004634857,0.25558000802993774,0.21986599266529083,0.23660700023174286,0.1967749297618866,4671788800
1994-07-01,0.23549099266529083,0.3035709857940674,0.2265630066394806,0.3007810115814209,0.2501453757286072,4848065600
1994-08-01,0.3002229928970337,0.33370500802993774,0.28683000802993774,0.32310301065444946,0.26870962977409363,4574897600
1994-09-01,0.3158479928970337,0.3325890004634857,0.297991007566452,0.3007810115814209,0.2510118782520294,3232644800
1994-10-01,0.3002229928970337,0.390625,0.2901790142059326,0.38560301065444946,0.32179877161979675,7713484800
1994-11-01,0.3828130066394806,0.38825300335884094,0.3247770071029663,0.3325890004634857,0.27755674719810486,4048945600
1994-12-01,0.33035698533058167,0.3560270071029663,0.31026801466941833,0.3482140004634857,0.2914702892303467,3787795200
1995-01-01,0.3470979928970337,0.4291290044784546,0.33816999197006226,0.360491007566452,0.30174678564071655,8162100800
1995-02-01,0.3638390004634857,0.3973209857940674,0.3392859995365143,0.3526790142059326,0.29520779848098755,5299347200
1995-03-01,0.3549109995365143,0.3638390004634857,0.30245500802993774,0.31473198533058167,0.26416876912117004,6997144000
1995-04-01,0.3169640004634857,0.35379499197006226,0.3002229928970337,0.34151801466941833,0.2866514325141907,5674300800
1995-05-01,0.34151801466941833,0.39620500802993774,0.3348209857940674,0.3710939884185791,0.3114759624004364,6384672000
1995-06-01,0.373883992433548,0.44754499197006226,0.3705359995365143,0.4146209955215454,0.34897518157958984,5521947200
1995-07-01,0.4151790142059326,0.4453130066394806,0.3839290142059326,0.4017859995365143,0.3381722569465637,5699579200
1995-08-01,0.40066999197006226,0.4129459857940674,0.373883992433548,0.3839290142059326,0.3231426477432251,5292918400
1995-09-01,0.3839290142059326,0.40625,0.31026801466941833,0.3325890004634857,0.28069519996643066,7311483200
1995-10-01,0.3370540142059326,0.35323700308799744,0.3002229928970337,0.3242189884185791,0.27363121509552,6498508800
1995-11-01,0.327008992433548,0.3794640004634857,0.3169640004634857,0.3404020071029663,0.2872891426086426,4864294400
1995-12-01,0.3392859995365143,0.358258992433548,0.282366007566452,0.2845979928970337,0.2409403920173645,6560243200
1996-01-01,0.2879459857940674,0.3169640004634857,0.23981599509716034,0.2466520071029663,0.20881545543670654,10300214400
1996-02-01,0.24553599953651428,0.2700890004634857,0.24330399930477142,0.24553599953651428,0.20787064731121063,4652099200
1996-03-01,0.2466520071029663,0.2466520071029663,0.20535700023174286,0.219308003783226,0.1856660097837448,3346750400
1996-04-01,0.22432999312877655,0.23660700023174286,0.21205399930477142,0.21763400733470917,0.18424883484840393,2867076800
1996-05-01,0.21763400733470917,0.2578130066394806,0.20982100069522858,0.23325900733470917,0.19747695326805115,3603902400
1996-06-01,0.2310270071029663,0.23214299976825714,0.1752229928970337,0.1875,0.15873734652996063,4673939200
1996-07-01,0.18861599266529083,0.203125,0.14285700023174286,0.19642899930477142,0.16629667580127716,4803489600
1996-08-01,0.19642899930477142,0.22321400046348572,0.18526799976825714,0.21651799976825714,0.18330401182174683,3187374400
1996-09-01,0.2154020071029663,0.21986599266529083,0.18080399930477142,0.19810299575328827,0.16771389544010162,3213548800
1996-10-01,0.19642899930477142,0.24776799976825714,0.19642899930477142,0.20535700023174286,0.17385514080524445,5816977600
1996-11-01,0.20870499312877655,0.23549099266529083,0.2064729928970337,0.2154020071029663,0.1823592483997345,2581364800
1996-12-01,0.2154020071029663,0.22767899930477142,0.18526799976825714,0.18638400733470917,0.15779267251491547,4147483200
1997-01-01,0.18861599266529083,0.19866099953651428,0.14732100069522858,0.1484380066394806,0.1256675273180008,9072739200
1997-02-01,0.15067000687122345,0.1595979928970337,0.13504500687122345,0.14508900046348572,0.1228322759270668,4574169600
1997-03-01,0.14732100069522858,0.17299099266529083,0.14174099266529083,0.16294600069522858,0.13795004785060883,4502243200
1997-04-01,0.15736599266529083,0.17745499312877655,0.14955399930477142,0.15178599953651428,0.12850195169448853,3809724800
1997-05-01,0.15067000687122345,0.16071400046348572,0.14620499312877655,0.1484380066394806,0.1256675273180008,2292707200
1997-06-01,0.15178599953651428,0.1529020071029663,0.125,0.12723200023174286,0.10771454125642776,2572304000
1997-07-01,0.12444200366735458,0.16182999312877655,0.11383900046348572,0.15625,0.13228118419647217,6782372800
1997-08-01,0.15736599266529083,0.26395100355148315,0.156808003783226,0.19419600069522858,0.1644061803817749,17675705600
1997-09-01,0.19642899930477142,0.20758900046348572,0.1875,0.19363799691200256,0.16393379867076874,3606075200
1997-10-01,0.19363799691200256,0.22098200023174286,0.14174099266529083,0.1520649939775467,0.12873810529708862,6430043200
1997-11-01,0.156808003783226,0.19196400046348572,0.15067000687122345,0.15848200023174286,0.1341707706451416,5547483200
1997-12-01,0.15792399644851685,0.1601559966802597,0.11383900046348572,0.1171879991889,0.09921130537986755,5097792000
1998-01-01,0.12165199965238571,0.17857100069522858,0.12053599953651428,0.1635040044784546,0.1384223848581314,10211577600
1998-02-01,0.16517899930477142,0.21317000687122345,0.15513400733470917,0.2109380066394806,0.17858001589775085,7354166400
1998-03-01,0.2103790044784546,0.25,0.19307999312877655,0.24553599953651428,0.20787064731121063,10625977600
1998-04-01,0.24497799575328827,0.264508992433548,0.22042399644851685,0.24442000687122345,0.2069258689880371,8081886400
1998-05-01,0.24553599953651428,0.282366007566452,0.22879500687122345,0.2377229928970337,0.2012561708688736,6803339200
1998-06-01,0.23660700023174286,0.2589290142059326,0.22879500687122345,0.25613799691200256,0.2168462574481964,3909841600
1998-07-01,0.2578130066394806,0.3404020071029663,0.2544640004634857,0.3091520071029663,0.26172786951065063,10927660800
1998-08-01,0.3058040142059326,0.390625,0.2767859995365143,0.27845999598503113,0.23574408888816833,13220872000
1998-09-01,0.280133992433548,0.3588170111179352,0.2734380066394806,0.3404020071029663,0.28818413615226746,8080318400
1998-10-01,0.328125,0.36886200308799744,0.2544640004634857,0.3314729928970337,0.2806248962879181,12930926400
1998-11-01,0.3348209857940674,0.3515630066394806,0.28348198533058167,0.2851560115814209,0.24141289293766022,10123523200
1998-12-01,0.2857140004634857,0.3705359995365143,0.282366007566452,0.36551299691200256,0.30944302678108215,12924105600
1999-01-01,0.376116007566452,0.4224329888820648,0.33091500401496887,0.3677459955215454,0.3113335967063904,15127403200
1999-02-01,0.37220999598503113,0.3744420111179352,0.3080359995365143,0.31082600355148315,0.2631450891494751,8116516800
1999-03-01,0.31082600355148315,0.3314729928970337,0.2857140004634857,0.3208709955215454,0.2716493308544159,9951995200
1999-04-01,0.32198700308799744,0.420758992433548,0.29910698533058167,0.4107140004634857,0.3477102816104889,15888969600
1999-05-01,0.41127198934555054,0.4464290142059326,0.36551299691200256,0.39341500401496887,0.3330650329589844,8908905600
1999-06-01,0.4017859995365143,0.4375,0.3755579888820648,0.4135040044784546,0.35007238388061523,6918620800
1999-07-01,0.4135040044784546,0.5055800080299377,0.40345999598503113,0.49720999598503113,0.42093777656555176,11466582400
1999-08-01,0.4966520071029663,0.5881699919700623,0.4654020071029663,0.5825889706611633,0.4932195842266083,9244603200
1999-09-01,0.5982139706611633,0.7154020071029663,0.5128350257873535,0.5652899742126465,0.478574275970459,18967468800
1999-10-01,0.5546879768371582,0.7237719893455505,0.53125,0.7154020071029663,0.605659008026123,14468496000
1999-11-01,0.7142860293388367,0.9263389706611633,0.6902899742126465,0.8738840222358704,0.7398295998573303,8624929600
1999-12-01,0.9017860293388367,1.0535709857940674,0.8130580186843872,0.9179689884185791,0.7771518230438232,9418214400
2000-01-01,0.9363840222358704,1.0848209857940674,0.7723209857940674,0.9263389706611633,0.7842380404472351,12555177600
2000-02-01,0.9285709857940674,1.0708709955215454,0.8660709857940674,1.0234379768371582,0.8664420247077942,7319782400
2000-03-01,1.058593988418579,1.3426339626312256,1.0178569555282593,1.2126120328903198,1.0265965461730957,8698356800
2000-04-01,1.2098209857940674,1.245535969734192,0.9363840222358704,1.1077009439468384,0.9377791285514832,8662404800
2000-05-01,1.114954948425293,1.1272319555282593,0.7299110293388367,0.75,0.6349493861198425,9807750400
2000-06-01,0.7299110293388367,1.0290180444717407,0.7176340222358704,0.935267984867096,0.7917972803115845,8105204800
2000-07-01,0.9308040142059326,1.082589030265808,0.8370540142059326,0.9073659777641296,0.7681757807731628,5746770400
2000-08-01,0.8984379768371582,1.098214030265808,0.7901790142059326,1.088170051574707,0.9212437868118286,5636086400
2000-09-01,1.0948660373687744,1.145089030265808,0.453125,0.4598209857940674,0.3892841935157776,14516930400
2000-10-01,0.4765630066394806,0.4776790142059326,0.3125,0.34933000802993774,0.29574260115623474,21905788800
2000-11-01,0.3470979928970337,0.4107140004634857,0.2879459857940674,0.29464301466941833,0.24944454431533813,8488373600
2000-12-01,0.3035709857940674,0.3125,0.24330399930477142,0.265625,0.2248779535293579,8858970400
2001-01-01,0.265625,0.4017859995365143,0.2578130066394806,0.3861609995365143,0.326923668384552,13709460800
2001-02-01,0.36941999197006226,0.391741007566452,0.3214290142059326,0.32589301466941833,0.2759009301662445,7023766400
2001-03-01,0.31808000802993774,0.42410698533058167,0.30691999197006226,0.39410701394081116,0.3336508572101593,10799062400
2001-04-01,0.39446398615837097,0.48428601026535034,0.3348209857940674,0.45517900586128235,0.38535431027412415,11158991200
2001-05-01,0.45375001430511475,0.4767859876155853,0.3446429967880249,0.35624998807907104,0.3016010522842407,7468434400
2001-06-01,0.35946398973464966,0.44821399450302124,0.3455359935760498,0.4151790142059326,0.3514903783798218,7638265600
2001-07-01,0.42214301228523254,0.45035699009895325,0.3187499940395355,0.33553600311279297,0.28406453132629395,8655102400
2001-08-01,0.339464008808136,0.35535699129104614,0.3085710108280182,0.33125001192092896,0.2804361581802368,5129359200
2001-09-01,0.33035698533058167,0.3407140076160431,0.26214298605918884,0.276964008808136,0.23447759449481964,5531523200
2001-10-01,0.2766070067882538,0.3467859923839569,0.26482099294662476,0.3135710060596466,0.2654690444469452,7544247200
2001-11-01,0.3151789903640747,0.38482099771499634,0.3080359995365143,0.3803569972515106,0.32201001048088074,5369744800
2001-12-01,0.3760710060596466,0.42910701036453247,0.35874998569488525,0.39107099175453186,0.33108046650886536,4629839200
2002-01-01,0.39375001192092896,0.4416069984436035,0.36160698533058167,0.4414289891719818,0.37371352314949036,8515376800
2002-02-01,0.4346430003643036,0.4639289975166321,0.3739289939403534,0.38749998807907104,0.32805728912353516,7837424000
2002-03-01,0.39160698652267456,0.45178601145744324,0.38964301347732544,0.42267900705337524,0.35783976316452026,5318583200
2002-04-01,0.41749998927116394,0.4673210084438324,0.4107140004634857,0.4333930015563965,0.36691024899482727,6422836000
2002-05-01,0.4337500035762787,0.4639289975166321,0.39535701274871826,0.41607099771499634,0.35224559903144836,5976157600
2002-06-01,0.4176790118217468,0.41874998807907104,0.2853569984436035,0.3164289891719818,0.2678885757923126,8708016800
2002-07-01,0.3162499964237213,0.33553600311279297,0.24642899632453918,0.27250000834465027,0.2306983470916748,8118415200
2002-08-01,0.2698209881782532,0.2901790142059326,0.2494640052318573,0.26339301466941833,0.22298841178417206,5151686400
2002-09-01,0.25874999165534973,0.27125000953674316,0.2508929967880249,0.2589290142059326,0.21920910477638245,5291837600
2002-10-01,0.26053598523139954,0.29357099533081055,0.23857100307941437,0.2869639992713928,0.2429436296224594,6611432800
2002-11-01,0.2846429944038391,0.310357004404068,0.26803600788116455,0.2767859995365143,0.23432692885398865,4531721600
2002-12-01,0.2839289903640747,0.2874999940395355,0.246070995926857,0.2558929920196533,0.21663887798786163,4530439200
2003-01-01,0.256428986787796,0.2746430039405823,0.24214300513267517,0.256428986787796,0.2170926034450531,6045832800
2003-02-01,0.25732100009918213,0.2732140123844147,0.24642899632453918,0.26803600788116455,0.22691915929317474,4114303200
2003-03-01,0.26803600788116455,0.27071401476860046,0.2507140040397644,0.2524999976158142,0.21376633644104004,4028404800
2003-04-01,0.2535710036754608,0.26696398854255676,0.22714300453662872,0.2539289891719818,0.21497614681720734,7775342400
2003-05-01,0.2544640004634857,0.339464008808136,0.25,0.3205359876155853,0.27136561274528503,10811544800
2003-06-01,0.32321399450302124,0.35160699486732483,0.29696398973464966,0.3403570055961609,0.2881459891796112,6113335200
2003-07-01,0.3369640111923218,0.3851790130138397,0.33053600788116455,0.3764289915561676,0.31868448853492737,5218270400
2003-08-01,0.375,0.4080359935760498,0.3467859923839569,0.4037500023841858,0.3418145775794983,4307564800
2003-09-01,0.4046429991722107,0.4164290130138397,0.35982099175453186,0.3700000047683716,0.31324177980422974,5347484800
2003-10-01,0.3698210120201111,0.44660699367523193,0.36053600907325745,0.4087499976158142,0.3460475504398346,7040191200
2003-11-01,0.4076789915561676,0.41607099771499634,0.35446399450302124,0.3733929991722107,0.316114217042923,4974104800
2003-12-01,0.3757140040397644,0.39107099175453186,0.34375,0.3816069960594177,0.3230683207511902,5453873600
2004-01-01,0.38482099771499634,0.443571001291275,0.3782140016555786,0.4028570055961609,0.341058611869812,7927802400
2004-02-01,0.4010710120201111,0.4303570091724396,0.38749998807907104,0.42714300751686096,0.36161893606185913,4922030400
2004-03-01,0.4303570091724396,0.5024999976158142,0.42142900824546814,0.48285698890686035,0.40878644585609436,11626115200
2004-04-01,0.4801790118217468,0.5282139778137207,0.45517900586128235,0.46035701036453247,0.3897380232810974,8930174400
2004-05-01,0.4642859995365143,0.513929009437561,0.45535698533058167,0.5010709762573242,0.42420634627342224,5304275200
2004-06-01,0.4962500035762787,0.6105359792709351,0.4930360019207001,0.5810710191726685,0.4919344186782837,8227234400
2004-07-01,0.5732139945030212,0.6005359888076782,0.5132139921188354,0.5774999856948853,0.48891106247901917,9696579200
2004-08-01,0.5567860007286072,0.6282140016555786,0.5303570032119751,0.6158930063247681,0.5214148163795471,8011365600
2004-09-01,0.612500011920929,0.7012500166893005,0.6105359792709351,0.6919639706611633,0.5858163237571716,7673506400
2004-10-01,0.6985710263252258,0.949999988079071,0.6723210215568542,0.9357140064239502,0.7921749353408813,16094366400
2004-11-01,0.9375,1.2423210144042969,0.929286003112793,1.1973210573196411,1.013651967048645,17439604000
2004-12-01,1.210536003112793,1.213392972946167,1.100000023841858,1.149999976158142,0.9735893607139587,15948615200
2005-01-01,1.1567859649658203,1.3908929824829102,1.1178569793701172,1.3732140064239502,1.1625624895095825,25708244800
2005-02-01,1.375892996788025,1.6228569746017456,1.3674999475479126,1.6021430492401123,1.3563734292984009,21448946400
2005-03-01,1.6067860126495361,1.611070990562439,1.3867859840393066,1.4882140159606934,1.2599213123321533,14675920000
2005-04-01,1.5032140016555786,1.587499976158142,1.214285969734192,1.2878570556640625,1.090299129486084,19375518400
2005-05-01,1.293213963508606,1.4621429443359375,1.1825000047683716,1.4199999570846558,1.2021710872650146,12858294400
2005-06-01,1.4246430397033691,1.4557139873504639,1.2685710191726685,1.3146430253982544,1.1129759550094604,11327195600
2005-07-01,1.315356969833374,1.5850000381469727,1.2960710525512695,1.5232139825820923,1.2895519733428955,10094246400
2005-08-01,1.5203570127487183,1.7260710000991821,1.5007139444351196,1.6746430397033691,1.4177520275115967,9400806800
2005-09-01,1.6785709857940674,1.948570966720581,1.646070957183838,1.9146430492401123,1.6209354400634766,12347770400
2005-10-01,1.9342859983444214,2.070713996887207,1.709643006324768,2.056786060333252,1.7412735223770142,18643447200
2005-11-01,2.044286012649536,2.5382139682769775,2.0310709476470947,2.42214298248291,2.050585985183716,13456427600
2005-12-01,2.4625000953674316,2.694999933242798,2.4574999809265137,2.567500114440918,2.1736443042755127,13064164400
2006-01-01,2.5850000381469727,3.085714101791382,2.5310709476470947,2.6967859268188477,2.2830970287323,21878371200
2006-02-01,2.676785945892334,2.7307140827178955,2.246428966522217,2.446070909500122,2.0708417892456055,18760697200
2006-03-01,2.458570957183838,2.499643087387085,2.059643030166626,2.240000009536743,1.8963828086853027,23192632400
2006-04-01,2.2739291191101074,2.573214054107666,2.180356979370117,2.5139288902282715,2.128291130065918,20119282400
2006-05-01,2.5274999141693115,2.635714054107666,2.0960710048675537,2.134643077850342,1.8071874380111694,15608779200
2006-06-01,2.137500047683716,2.253571033477783,1.978929042816162,2.0453569889068604,1.7315980195999146,17936623600
2006-07-01,2.054286003112793,2.45107102394104,1.791429042816162,2.427143096923828,2.0548179149627686,17479742000
2006-08-01,2.4007139205932617,2.5,2.234999895095825,2.4232139587402344,2.0514917373657227,17887646000
2006-09-01,2.445713996887207,2.7778570652008057,2.42214298248291,2.749285936355591,2.327543258666992,17721558400
2006-10-01,2.682142972946167,2.950000047683716,2.5928568840026855,2.895714044570923,2.451510190963745,14387956800
2006-11-01,2.8964290618896484,3.3271429538726807,2.7782139778137207,3.273571014404297,2.7714028358459473,13834884000
2006-12-01,3.2785708904266357,3.297499895095825,2.741786003112793,3.0299999713897705,2.565197229385376,16890792800
2007-01-01,3.0817859172821045,3.492856979370117,2.924999952316284,3.061785936355591,2.592106580734253,27209781200
2007-02-01,3.0796430110931396,3.2432138919830322,2.9592859745025635,3.0217859745025635,2.558242082595825,13722354800
2007-03-01,3.001070976257324,3.458214044570923,2.9910709857940674,3.318213939666748,2.8091986179351807,15918644000
2007-04-01,3.362143039703369,3.6607139110565186,3.200000047683716,3.56428599357605,3.0175225734710693,13459740000
2007-05-01,3.556786060333252,4.363214015960693,3.5196430683135986,4.328214168548584,3.6642634868621826,17365068000
2007-06-01,4.324999809265137,4.557499885559082,4.121428966522217,4.3585710525512695,3.6899642944335938,23279541600
2007-07-01,4.323214054107666,5.318571090698242,4.260714054107666,4.705714225769043,3.983853578567505,24018573600
2007-08-01,4.772857189178467,4.987500190734863,3.98642897605896,4.945713996887207,4.187039375305176,24360798000
2007-09-01,4.997857093811035,5.535714149475098,4.642857074737549,5.4810709953308105,4.640273094177246,20931223600
2007-10-01,5.522500038146973,6.789999961853027,5.461785793304443,6.783928871154785,5.743272304534912,23277791600
2007-11-01,6.735713958740234,6.881429195404053,5.379642963409424,6.507856845855713,5.509548187255859,26199790400
2007-12-01,6.494999885559082,7.248570919036865,6.321071147918701,7.074285984039307,5.9890875816345215,17252678800
2008-01-01,7.116786003112793,7.1521430015563965,4.505000114440918,4.834286212921143,4.092703819274902,35173888400
2008-02-01,4.865714073181152,4.878213882446289,4.122857093811035,4.465000152587891,3.7800657749176025,24865954400
2008-03-01,4.444285869598389,5.204999923706055,4.214285850524902,5.125,4.338822841644287,22927273600
2008-04-01,5.224999904632568,6.4285712242126465,5.128929138183594,6.212500095367432,5.25949764251709,22786982400
2008-05-01,6.248570919036865,6.865714073181152,6.142857074737549,6.7410712242126465,5.706987380981445,18588214400
2008-06-01,6.735713958740234,6.783928871154785,5.862500190734863,5.980000019073486,5.062665939331055,19475794800
2008-07-01,5.865356922149658,6.461071014404297,5.233213901519775,5.676785945892334,4.805963039398193,19749760800
2008-08-01,5.710713863372803,6.444643020629883,5.461071014404297,6.054643154144287,5.125857830047607,13085755200
2008-09-01,6.1571431159973145,6.1964287757873535,3.5924999713897705,4.059286117553711,3.436589241027832,24067562400
2008-10-01,3.997143030166626,4.1571431159973145,3.0357139110565186,3.8424999713897705,3.2530579566955566,41426711200
2008-11-01,3.7832140922546387,3.992500066757202,2.8264288902282715,3.309643030166626,2.8019423484802246,23619461600
2008-12-01,3.260714054107666,3.700000047683716,3.0196430683135986,3.0482139587402344,2.5806169509887695,20213846800
2009-01-01,3.067142963409424,3.4703569412231445,2.7928569316864014,3.2189290523529053,2.7251436710357666,18105740800
2009-02-01,3.182142972946167,3.6785709857940674,3.0896430015563965,3.189642906188965,2.700350284576416,13867450800
2009-03-01,3.1471428871154785,3.927856922149658,2.940356969833374,3.754286050796509,3.1783769130706787,15424598000
2009-04-01,3.7174999713897705,4.5428571701049805,3.7103569507598877,4.493928909301758,3.8045570850372314,11821681200
2009-05-01,4.492856979370117,4.853570938110352,4.263570785522461,4.8503570556640625,4.106309413909912,9457142800
2009-06-01,4.873929023742676,5.228570938110352,4.74571418762207,5.086785793304443,4.3064703941345215,12675572000
2009-07-01,5.125,5.892857074737549,4.800714015960693,5.835357189178467,4.940210342407227,10942136800
2009-08-01,5.900356769561768,6.1603569984436035,5.693571090698242,6.007500171661377,5.085947513580322,8165124800
2009-09-01,5.999642848968506,6.746428966522217,5.8610711097717285,6.619643211364746,5.604187488555908,9989319200
2009-10-01,6.619643211364746,7.4539289474487305,6.45357084274292,6.732142925262451,5.699428558349609,12956176800
2009-11-01,6.778571128845215,7.4285712242126465,6.627500057220459,7.13964319229126,6.044417858123779,8454784800
2009-12-01,7.2228569984436035,7.64107084274292,6.7385711669921875,7.526071071624756,6.371567249298096,11393958800
2010-01-01,7.622499942779541,7.699643135070801,6.794642925262451,6.859285831451416,5.807068824768066,15168994400
2010-02-01,6.870357036590576,7.327499866485596,6.816071033477783,7.307857036590576,6.186827182769775,10776080000
2010-03-01,7.348214149475098,8.481429100036621,7.337500095367432,8.39285659790039,7.105387210845947,12154172800
2010-04-01,8.478928565979004,9.730713844299316,8.3125,9.3246431350708,7.89423942565918,12367129600
2010-05-01,9.422857284545898,9.567143440246582,7.1160712242126465,9.174285888671875,7.7669453620910645,18082654800
2010-06-01,9.274642944335938,9.964642524719238,8.649999618530273,8.983214378356934,7.605186462402344,16651252800
2010-07-01,9.08214282989502,9.499643325805664,8.557143211364746,9.1875,7.778129577636719,15669704400
2010-08-01,9.30142879486084,9.438570976257324,8.412857055664062,8.682143211364746,7.350297927856445,9589120800
2010-09-01,8.838213920593262,10.526070594787598,8.795714378356934,10.133929252624512,8.579378128051758,11849919200
2010-10-01,10.219642639160156,11.39285659790039,9.920356750488281,10.749285697937012,9.100340843200684,12234577600
2010-11-01,10.793571472167969,11.475000381469727,10.634285926818848,11.112500190734863,9.407837867736816,9508086000
2010-12-01,11.259642601013184,11.666428565979004,11.246070861816406,11.520000457763672,9.752826690673828,6973234800
2011-01-01,11.630000114440918,12.449999809265137,11.601428985595703,12.118571281433105,10.259578704833984,10841535600
2011-02-01,12.189286231994629,13.032142639160156,12.061429023742676,12.614643096923828,10.679549217224121,9295949600
2011-03-01,12.695357322692871,12.916786193847656,11.652142524719238,12.446785926818848,10.53744125366211,11306458800
2011-04-01,12.539643287658691,12.68321418762207,11.434286117553711,12.504643440246582,10.586424827575684,9253829200
2011-05-01,12.490714073181152,12.565357208251953,11.765000343322754,12.422499656677246,10.516883850097656,6912060400
2011-06-01,12.459643363952637,12.576070785522461,11.089285850524902,11.988213539123535,10.14921760559082,9263850400
2011-07-01,11.998213768005371,14.446429252624512,11.935713768005371,13.945713996887207,11.806435585021973,10653946800
2011-08-01,14.206428527832031,14.26785659790039,12.607856750488281,13.743928909301758,11.635601043701172,16142599200
2011-09-01,13.77928638458252,15.102143287658691,13.088570594787598,13.618571281433105,11.529474258422852,11977448000
2011-10-01,13.584643363952637,15.239286422729492,12.651429176330566,14.456428527832031,12.238804817199707,13141427600
2011-11-01,14.193214416503906,14.571429252624512,12.975713729858398,13.649999618530273,11.556085586547852,8963701600
2011-12-01,13.662142753601074,14.610357284545898,13.488571166992188,14.464285850524902,12.245454788208008,6306532400
2012-01-01,14.621429443359375,16.365713119506836,14.60714340209961,16.3028564453125,13.801992416381836,6859854400
2012-02-01,16.37178611755371,19.5575008392334,16.213571548461914,19.37285614013672,16.401046752929688,11368554400
2012-03-01,19.577499389648438,22.194643020629883,18.43642807006836,21.412500381469727,18.127811431884766,15584338000
2012-04-01,21.493928909301758,23.0,19.821428298950195,20.856428146362305,17.657041549682617,15598990400
2012-05-01,20.889286041259766,21.312856674194336,18.6492862701416,20.633214950561523,17.468063354492188,11106345600
2012-06-01,20.3271427154541,21.071428298950195,19.58928680419922,20.85714340209961,17.65765380859375,7855825600
2012-07-01,20.883214950561523,22.138214111328125,20.35714340209961,21.812856674194336,18.466754913330078,8909650400
2012-08-01,21.99678611755371,24.31678581237793,21.4375,23.75857162475586,20.11398696899414,8276206400
2012-09-01,23.777143478393555,25.18107032775879,23.428571701049805,23.825000762939453,20.256834030151367,9199005200
2012-10-01,23.969999313354492,24.16964340209961,20.989286422729492,21.261428833007812,18.077199935913086,12142830000
2012-11-01,21.364999771118164,21.53571319580078,18.0625,20.902856826782227,17.772329330444336,12929851200
2012-12-01,21.201786041259766,21.2353572845459,17.901071548461914,19.006071090698242,16.23342514038086,12132752800
2013-01-01,19.779285430908203,19.821428298950195,15.535714149475098,16.267499923706055,13.894360542297363,13123423600
2013-02-01,16.396785736083984,17.319286346435547,15.630714416503906,15.764286041259766,13.464555740356445,9344034000
2013-03-01,15.64285659790039,16.7839298248291,14.964285850524902,15.809286117553711,13.581686973571777,9176876800
2013-04-01,15.782142639160156,15.901785850524902,13.753570556640625,15.813570976257324,13.585366249084473,10963489600
2013-05-01,15.873571395874023,16.633928298950195,14.960714340209961,16.061786651611328,13.79861068725586,9447530400
2013-06-01,16.09749984741211,16.229642868041992,13.888214111328125,14.161786079406738,12.246859550476074,7018536000
2013-07-01,14.381786346435547,16.33357048034668,14.329285621643066,16.161785125732422,13.976418495178223,6538114800
2013-08-01,16.27678680419922,18.347856521606445,16.187856674194336,17.400714874267578,15.047829627990723,8058338400
2013-09-01,17.610713958740234,18.139999389648438,15.972143173217773,17.02678680419922,14.82167911529541,8630941200
2013-10-01,17.087499618530273,19.258928298950195,17.08142852783203,18.667856216430664,16.25021743774414,7837732000
2013-11-01,18.71500015258789,19.940357208251953,18.299285888671875,19.859643936157227,17.287662506103516,5225155600
2013-12-01,19.928571701049805,20.540714263916016,19.242856979370117,20.036428451538086,17.543380737304688,7057397200
2014-01-01,19.845714569091797,20.007143020629883,17.626785278320312,17.878570556640625,15.65401554107666,8765954400
2014-02-01,17.95035743713379,19.68535614013672,17.832143783569336,18.794286727905273,16.45579719543457,5880366800
2014-03-01,18.693571090698242,19.60714340209961,18.671785354614258,19.169286727905273,16.884607315063477,5001698800
2014-04-01,19.205713272094727,21.408214569091797,18.26178550720215,21.074642181396484,18.562870025634766,6435060800
2014-05-01,21.14285659790039,23.006071090698242,20.726070404052734,22.60714340209961,19.9127140045166,5735668400
2014-06-01,22.641429901123047,23.762500762939453,22.23214340209961,23.232500076293945,20.577835083007812,4827739200
2014-07-01,23.3799991607666,24.860000610351562,23.142499923706055,23.899999618530273,21.1690673828125,4140344000
2014-08-01,23.725000381469727,25.725000381469727,23.31999969482422,25.625,22.696958541870117,3748308000
2014-09-01,25.764999389648438,25.934999465942383,24.03499984741211,25.1875,22.420412063598633,6105680000
2014-10-01,25.147499084472656,27.010000228881836,23.795000076293945,27.0,24.03379249572754,5441120800
2014-11-01,27.05500030517578,29.9375,26.93000030517578,29.732500076293945,26.46610450744629,3281632800
2014-12-01,29.702499389648438,29.8125,26.565000534057617,27.594999313354492,24.669939041137695,4294378400
2015-01-01,27.84749984741211,30.0,26.157499313354492,29.290000915527344,26.185272216796875,5221053600
2015-02-01,29.512500762939453,33.400001525878906,29.020000457763672,32.1150016784668,28.7108211517334,4546140800
2015-03-01,32.3125,32.56999969482422,30.407499313354492,31.107500076293945,27.91987419128418,4554568400
2015-04-01,31.204999923706055,33.6349983215332,30.774999618530273,31.287500381469727,28.08142852783203,3984542000
2015-05-01,31.524999618530273,33.24250030517578,30.84000015258789,32.56999969482422,29.232513427734375,3816608400
2015-06-01,32.56999969482422,32.84749984741211,31.1200008392334,31.357500076293945,28.26181983947754,3514426800
2015-07-01,31.725000381469727,33.24250030517578,29.80500030517578,30.325000762939453,27.33124542236328,4233122400
2015-08-01,30.375,30.642499923706055,23.0,28.190000534057617,25.40702247619629,6427276400
2015-09-01,27.537500381469727,29.22249984741211,26.84000015258789,27.575000762939453,24.965227127075195,4826189200
2015-10-01,27.267499923706055,30.30500030517578,26.827499389648438,29.875,27.047555923461914,4450048400
2015-11-01,30.200000762939453,30.954999923706055,27.75,29.575000762939453,26.775943756103516,3002562400
2015-12-01,29.6875,29.96500015258789,26.204999923706055,26.315000534057617,23.92646598815918,3687660800
2016-01-01,25.65250015258789,26.462499618530273,23.09749984741211,24.334999084472656,22.126178741455078,5087392000
2016-02-01,24.11750030517578,24.72249984741211,23.147499084472656,24.172500610351562,21.97842788696289,3243450400
2016-03-01,24.412500381469727,27.604999542236328,24.354999542236328,27.247499465942383,24.908750534057617,2984198400
2016-04-01,27.19499969482422,28.09749984741211,23.127500534057617,23.434999465942383,21.423498153686523,3489534800
2016-05-01,23.49250030517578,25.1825008392334,22.36750030517578,24.96500015258789,22.822168350219727,3602686000
2016-06-01,24.7549991607666,25.47249984741211,22.875,23.899999618530273,21.981597900390625,3117990800
2016-07-01,23.872499465942383,26.137500762939453,23.592500686645508,26.052499771118164,23.96133041381836,2743118400
2016-08-01,26.102500915527344,27.5575008392334,26.0,26.524999618530273,24.395902633666992,2520514000
2016-09-01,26.53499984741211,29.045000076293945,25.63249969482422,28.262500762939453,26.134756088256836,3872062400
2016-10-01,28.177499771118164,29.672500610351562,28.06999969482422,28.385000228881836,26.248029708862305,2747657200
2016-11-01,28.364999771118164,28.4424991607666,26.020000457763672,27.6299991607666,25.54987144470215,2886220000
2016-12-01,27.592500686645508,29.5049991607666,27.0625,28.954999923706055,26.91258430480957,2435086800
2017-01-01,28.950000762939453,30.610000610351562,28.690000534057617,30.337499618530273,28.197568893432617,2252488000
2017-02-01,31.75749969482422,34.369998931884766,31.752500534057617,34.247501373291016,31.831764221191406,2299874400
2017-03-01,34.47249984741211,36.125,34.26250076293945,35.915000915527344,33.52637481689453,2246513600
2017-04-01,35.9275016784668,36.3650016784668,35.01499938964844,35.912498474121094,33.52404022216797,1493216400
2017-05-01,36.275001525878906,39.162498474121094,36.067501068115234,38.189998626708984,35.65006637573242,2615927200
2017-06-01,38.29249954223633,38.994998931884766,35.54999923706055,36.005001068115234,33.74911880493164,2736712400
2017-07-01,36.220001220703125,38.497501373291016,35.602500915527344,37.182498931884766,34.85283660888672,1688047600
2017-08-01,37.275001525878906,41.130001068115234,37.102500915527344,41.0,38.431156158447266,2644276000
2017-09-01,41.20000076293945,41.23500061035156,37.290000915527344,38.529998779296875,36.257755279541016,2721496400
2017-10-01,38.564998626708984,42.412498474121094,38.1150016784668,42.2599983215332,39.76777267456055,2017165200
2017-11-01,42.467498779296875,44.060001373291016,41.31999969482422,42.962501525878906,40.42884063720703,2402653600
2017-12-01,42.48749923706055,44.29999923706055,41.6150016784668,42.307498931884766,39.95558547973633,2124735200
2018-01-01,42.540000915527344,45.025001525878906,41.17499923706055,41.85749816894531,39.530609130859375,2638717600
2018-02-01,41.79249954223633,45.154998779296875,37.560001373291016,44.529998779296875,42.054534912109375,3711577200
2018-03-01,44.6349983215332,45.875,41.23500061035156,41.94499969482422,39.774742126464844,2854910800
2018-04-01,41.65999984741211,44.73500061035156,40.157501220703125,41.314998626708984,39.17733383178711,2664617200
2018-05-01,41.602500915527344,47.592498779296875,41.317501068115234,46.717498779296875,44.300315856933594,2483905200
2018-06-01,46.997501373291016,48.54999923706055,45.182498931884766,46.27750015258789,44.052303314208984,2110498000
2018-07-01,45.95500183105469,48.9900016784668,45.85499954223633,47.5724983215332,45.2850341796875,1574765600
2018-08-01,49.782501220703125,57.217498779296875,49.32749938964844,56.907501220703125,54.171165466308594,2801275600
2018-09-01,57.102500915527344,57.41749954223633,53.82500076293945,56.435001373291016,53.909793853759766,2715888000
2018-10-01,56.98749923706055,58.36750030517578,51.522499084472656,54.71500015258789,52.26675033569336,3158994000
2018-11-01,54.76250076293945,55.59000015258789,42.564998626708984,44.64500045776367,42.6473388671875,3845305600
2018-12-01,46.1150016784668,46.23500061035156,36.647499084472656,39.435001373291016,37.80191421508789,3595690000
2019-01-01,38.72249984741211,42.25,35.5,41.61000061035156,39.8868408203125,3312349600
2019-02-01,41.7400016784668,43.967498779296875,41.48249816894531,43.287498474121094,41.4948616027832,1890162400
2019-03-01,43.56999969482422,49.42250061035156,42.375,47.48749923706055,45.71616744995117,2603925600
2019-04-01,47.90999984741211,52.119998931884766,47.095001220703125,50.16749954223633,48.296199798583984,2024470800
2019-05-01,52.470001220703125,53.82749938964844,43.747501373291016,43.76750183105469,42.134925842285156,2957826400
2019-06-01,43.900001525878906,50.39250183105469,42.567501068115234,49.47999954223633,47.817779541015625,2060874800
2019-07-01,50.79249954223633,55.342498779296875,49.602500915527344,53.2599983215332,51.47079086303711,1895406800
2019-08-01,53.474998474121094,54.50749969482422,48.14500045776367,52.185001373291016,50.431907653808594,2724326400
2019-09-01,51.60749816894531,56.60499954223633,51.05500030517578,55.99250030517578,54.31709289550781,2170268400
2019-10-01,56.26750183105469,62.4375,53.782501220703125,62.189998626708984,60.32914733886719,2433210800
2019-11-01,62.3849983215332,67.0,62.290000915527344,66.8125,64.81333923339844,1793326000
2019-12-01,66.81749725341797,73.49250030517578,64.07250213623047,73.4124984741211,71.42965698242188,2388794800
2020-01-01,74.05999755859375,81.9625015258789,73.1875,77.37750244140625,75.28756713867188,2934370400
2020-02-01,76.07499694824219,81.80500030517578,64.09249877929688,68.33999633789062,66.4941635131836,3019279200
2020-03-01,70.56999969482422,76.0,53.15250015258789,63.5724983215332,62.00223922729492,6280072400
2020-04-01,61.625,73.63249969482422,59.224998474121094,73.44999694824219,71.63575744628906,3265299200
2020-05-01,71.5625,81.05999755859375,71.4625015258789,79.48500061035156,77.52168273925781,2805936000
2020-06-01,79.4375,93.09500122070312,79.30249786376953,91.19999694824219,89.1881103515625,3243375600
2020-07-01,91.27999877929688,106.41500091552734,89.1449966430664,106.26000213623047,103.91587829589844,3020283200
2020-08-01,108.19999694824219,131.0,107.89250183105469,129.0399932861328,126.19335174560547,4070061100
2020-09-01,132.75999450683594,137.97999572753906,103.0999984741211,115.80999755859375,113.45939636230469,3885245100
2020-10-01,117.63999938964844,125.38999938964844,107.72000122070312,108.86000061035156,106.65046691894531,2894666500
2020-11-01,109.11000061035156,121.98999786376953,107.31999969482422,119.05000305175781,116.63365173339844,2123077300
2020-12-01,121.01000213623047,138.7899932861328,120.01000213623047,132.69000244140625,130.2210693359375,2322189600
2021-01-01,133.52000427246094,145.08999633789062,126.37999725341797,131.9600067138672,129.50465393066406,2240262000
2021-02-01,133.75,137.8800048828125,118.38999938964844,121.26000213623047,119.00375366210938,1833855600
2021-03-01,123.75,128.72000122070312,116.20999908447266,122.1500015258789,120.05632019042969,2650418200
2021-04-01,123.66000366210938,137.07000732421875,122.48999786376953,131.4600067138672,129.2067413330078,1889857500
2021-05-01,132.0399932861328,134.07000732421875,122.25,124.61000061035156,122.47415161132812,1711934900
2021-06-01,125.08000183105469,137.41000366210938,123.12999725341797,136.9600067138672,134.84112548828125,1606590000
2021-07-01,136.60000610351562,150.0,135.75999450683594,145.86000061035156,143.60342407226562,1919035100
2021-08-01,146.36000061035156,153.49000549316406,144.5,151.8300018310547,149.48104858398438,1461542800
2021-09-01,152.8300018310547,157.25999450683594,141.27000427246094,141.5,139.51959228515625,1797835100
2021-10-01,141.89999389648438,153.1699981689453,138.27000427246094,149.8000030517578,147.7034454345703,1565079200
2021-11-01,148.99000549316406,165.6999969482422,147.47999572753906,165.3000030517578,162.98651123046875,1691029000
2021-12-01,167.47999572753906,182.1300048828125,157.8000030517578,177.57000732421875,175.34031677246094,2444766700
2022-01-01,177.8300018310547,182.94000244140625,154.6999969482422,174.77999877929688,172.58534240722656,2108446000
2022-02-01,174.00999450683594,176.64999389648438,152.0,165.1199951171875,163.04661560058594,1627516300
2022-03-01,164.6999969482422,179.61000061035156,150.10000610351562,174.61000061035156,172.63714599609375,2180800100
2022-04-01,174.02999877929688,178.49000549316406,155.3800048828125,157.64999389648438,155.8687744140625,1687795600
2022-05-01,156.7100067138672,166.47999572753906,132.61000061035156,148.83999633789062,147.15829467773438,2401040300
2022-06-01,149.89999389648438,151.74000549316406,129.0399932861328,136.72000122070312,135.37387084960938,1749099800
2022-07-01,136.0399932861328,163.6300048828125,135.66000366210938,162.50999450683594,160.90992736816406,1447125400
2022-08-01,161.00999450683594,176.14999389648438,157.13999938964844,157.22000122070312,155.6720428466797,1510239600
2022-09-01,156.63999938964844,164.25999450683594,138.0,138.1999969482422,137.0293731689453,2084722800
2022-10-01,138.2100067138672,157.5,134.3699951171875,153.33999633789062,152.04112243652344,1868139700
2022-11-01,155.0800018310547,155.4499969482422,134.3800048828125,148.02999877929688,146.77609252929688,1724847700
2022-12-01,148.2100067138672,150.9199981689453,125.87000274658203,129.92999267578125,129.0431365966797,1675731200
2023-01-01,130.27999877929688,147.22999572753906,124.16999816894531,144.2899932861328,143.30511474609375,1443652500
2023-02-01,143.97000122070312,157.3800048828125,141.32000732421875,147.41000366210938,146.40379333496094,1307198900
2023-03-01,146.8300018310547,165.0,143.89999389648438,164.89999389648438,164.0244598388672,1520266600
2023-04-01,164.27000427246094,169.85000610351562,159.77999877929688,169.67999267578125,168.77911376953125,969709700
2023-05-01,169.27999877929688,179.35000610351562,164.30999755859375,177.25,176.3089141845703,1275155500
2023-06-01,177.6999969482422,194.47999572753906,176.92999267578125,193.97000122070312,193.20701599121094,1297101100
2023-07-01,193.77999877929688,198.22999572753906,186.60000610351562,196.4499969482422,195.67726135253906,996066400
2023-08-01,196.24000549316406,196.72999572753906,171.9600067138672,187.8699951171875,187.13099670410156,1322439400
2023-09-01,189.49000549316406,189.97999572753906,167.6199951171875,171.2100067138672,170.76683044433594,1337586600
2023-10-01,171.22000122070312,182.33999633789062,165.6699981689453,170.77000427246094,170.32797241210938,1172719600
2023-11-01,171.0,192.92999267578125,170.1199951171875,189.9499969482422,189.45831298828125,1099586100
2023-12-01,190.3300018310547,199.6199951171875,187.4499969482422,192.52999877929688,192.28463745117188,1062774800
2024-01-01,187.14999389648438,196.3800048828125,180.1699981689453,184.39999389648438,184.1649932861328,1187219300
2024-02-01,183.99000549316406,191.0500030517578,179.25,188.85000610351562,188.6093292236328,420063900
2024-02-09,188.64999389648438,189.99000549316406,188.0,188.85000610351562,188.85000610351562,43728065
